auction_attempts	188c0629e82b1495b5b1aaad90c135c3
auction_command_receipts	e9194a48d21eb3c2535aabc30b558453
auction_follow_up_decisions	858e72e0ffafd54b5aac83f17d98f5c4
auction_lot_status_history	570273aa733dd6a12776a989844b930b
auction_proceeds	f83256e3979938e8bb610d9c98706a68
auction_proceeds_results	c1541c0bf28235c4835caa23464e5e16
auction_result_lines	042da26aa953b362b5600362b1062056
auction_return_arrivals	cbc2044451adda8a5d9c7464ac9fd56e
auction_shipment_lots	64ddbb6a55d470a4490b314e1de79d9a
auction_shipments	bcb1fd1d82d14d81d486975cfc796bc2
audit_events	1cdc0fc2173c2d3f72da62dde4ea10a3
bed_zone_capacities	2073267bb659591320652bdce9e8fcbb
bed_zones	d80af54c96ee8970c83efce3484bafdd
business_partners	9d90e0092e97551709a3c4298c4617ed
direct_sale_amount_reconciliations	4c95b231c1b655cc3438515bfc511121
direct_sale_prices	73d69dbda8dc5693c36be3d7b4bb708f
direct_sales	ef493ab2fd802559605695ab0dba3a78
houses	95565e599e403a65b810033e5636f6cf
inbound_creation_receipts	59f9633e86c173105016669afb3eff3d
inbound_records	f716a81deb207fd0caf7301806e10365
materials	5667e88f7d12364352776ca281a68fa8
orchid_group_collection_members	64972fe81c1ea71b8968b1a33ba4f112
orchid_group_collections	49d22da36c7f6589df9ab7552dcefcb5
orchid_group_identity_migrations	097898a0060a7848125d430f89079734
orchid_group_ledger_coverages	4ec21ce329c2c6f0f6e4e8c59dc9161b
orchid_group_lineage	e08cec3c221ce7c386253fd4d5062754
orchid_group_mutation_entries	781ccc67ebb764487448fed2cd1e9935
orchid_group_mutation_relations	943f81f57580edf29b4b8fd814f6a291
orchid_group_mutations	39abbf841b4e734e668f7f97dfc1b0ad
orchid_groups	c76cc943deb76cdf70db5212c76500db
orchid_stock_counts	ffef604a32324ed6f071bba299cd90aa
partner_balance_summaries	06b5a3b435ef2ee041cc87549c23a3b5
partner_payment_events	b9a7b7fdb273afae6d6cf00221d53c13
partner_settlement_settings	4a1fd8350706ec7ba2bf248a3849ad31
payment_target_aliases	e411da7e4405a33a305a0fa0034a64c2
physical_beds	629f376f6de2548e0c8b667e3ef25b9d
sales_creation_receipts	87a7e912456932ef121673d0981f57c7
sales_inventory_movements	f0f84225ee04936e43c06e373ff147d3
sales_orchid_group_snapshots	b67238123b163072ba0aeb07190250a9
sales_slip_daily_sequences	00223a6e66092c39e1984642f457a7cb
sales_slip_item_allocations	3f92472bf95761cf6bb0a55a9965f516
sales_slip_items	8002291293b02cfdc5905ec75796703a
sales_slips	83071ac462855c03db5c016a694255bd
varieties	8d3cc96ade4bbdd4cdc7d2a4033335eb
work_applied_effects	ebbe09288c95cba148aee3903c1c59ac
work_command_receipt_memberships	3c39e68c6767181655608b323f295046
work_command_receipts	7f4d37474b876ed78d746b247d930a6d
work_correction_receipts	eb059000ab1d78f9b6dff20391bb9eff
work_effect_orchid_groups	a2877ce74b18fd709da9a2093522a135
work_operation_corrections	b3cc46adcd84896541872050f93bad7c
work_operation_targets	eb8035742b291338525d3da2326b0c5d
work_operations	2680bc7e187614eccfc515257a6ba581
work_records	828dc2090c8ef19672b40d181091624b
work_target_executions	d2f4ff20f29f1ea75db8fc3bd7e8bc30
work_types	abe4d3bf26c2a2c074bd054ca29c2304
