run_id,revision,profile,heap,scenario,phase,sample_index,status,elapsed_nanos,heap_before_bytes,heap_after_bytes,sampled_peak_heap_bytes,allocated_thread_bytes,heap_samples,gc_collections,gc_millis,jdbc_executions,jdbc_batches,jdbc_rows,jdbc_failures,jdbc_execution_nanos,jdbc_commits,jdbc_commit_nanos,jdbc_rollbacks,hibernate_prepared_statements,hibernate_entity_loads,hibernate_flushes,transaction_started,transaction_completed,transaction_open_at_end,transaction_closed_without_completion,transaction_max_nanos,transaction_total_nanos,locking_statements,row_lock_max_observed_hold_nanos,row_lock_total_observed_hold_nanos,locking_statement_total_nanos,outcome_json
20261005T122534Z-e84e1210,5c664962cb50b5cade50a40aa7ebcfd2834b7af9,standard,2g,settlement-1x100,initialize,0,PASSED,120008673,316983992,319081144,319081144,1861232,14,0,0,15,3,305,0,25659505,3,1021086,0,14,1,1,3,3,0,0,87925429,115200904,1,87193698,87193698,731731,"{""changedSettlements"":1,""grossAmount"":100000,""lines"":100,""settlements"":1}"
20261005T122534Z-e84e1210,5c664962cb50b5cade50a40aa7ebcfd2834b7af9,standard,2g,settlement-1x100,replay,0,PASSED,8291688,320129720,321178296,321178296,215608,2,0,0,3,0,201,0,2233283,2,547901,0,3,0,0,2,2,0,0,5000847,6429725,0,0,0,0,"{""changedSettlements"":0,""grossAmount"":100000,""lines"":100,""settlements"":1}"
20261005T122534Z-e84e1210,5c664962cb50b5cade50a40aa7ebcfd2834b7af9,standard,2g,settlement-1x100,initialize,1,PASSED,109404909,321178296,323275448,323275448,1789760,12,0,0,14,3,304,0,27250328,3,1008618,0,13,1,1,3,3,0,0,85804695,104381271,1,85040349,85040349,764346,"{""changedSettlements"":1,""grossAmount"":100000,""lines"":100,""settlements"":1}"
20261005T122534Z-e84e1210,5c664962cb50b5cade50a40aa7ebcfd2834b7af9,standard,2g,settlement-1x100,replay,1,PASSED,10433263,323275448,324324024,324324024,253120,3,0,0,3,0,201,0,1819867,2,499493,0,3,0,0,2,2,0,0,5977581,7105863,0,0,0,0,"{""changedSettlements"":0,""grossAmount"":100000,""lines"":100,""settlements"":1}"
20261005T122534Z-e84e1210,5c664962cb50b5cade50a40aa7ebcfd2834b7af9,standard,2g,settlement-1x100,initialize,2,PASSED,115529479,324324024,327469752,327469752,1819784,13,0,0,14,3,304,0,28219219,3,16890107,0,13,1,1,3,3,0,0,93660270,111244049,1,92910988,92910988,749282,"{""changedSettlements"":1,""grossAmount"":100000,""lines"":100,""settlements"":1}"
20261005T122534Z-e84e1210,5c664962cb50b5cade50a40aa7ebcfd2834b7af9,standard,2g,settlement-1x100,replay,2,PASSED,8072688,327469752,327469752,327469752,214872,2,0,0,3,0,201,0,1913077,2,548247,0,3,0,0,2,2,0,0,4507777,5771943,0,0,0,0,"{""changedSettlements"":0,""grossAmount"":100000,""lines"":100,""settlements"":1}"
20261005T122534Z-e84e1210,5c664962cb50b5cade50a40aa7ebcfd2834b7af9,standard,2g,settlement-1x1000,initialize,0,PASSED,310986177,344246968,168048560,347392696,13643528,33,1,11,53,21,3022,0,156207703,4,1537092,0,34,1,1,4,4,0,0,269863787,305281162,1,269144409,269144409,719378,"{""changedSettlements"":1,""grossAmount"":1000000,""lines"":1000,""settlements"":1}"
20261005T122534Z-e84e1210,5c664962cb50b5cade50a40aa7ebcfd2834b7af9,standard,2g,settlement-1x1000,replay,0,PASSED,19986240,168048560,170145712,170145712,1616304,4,0,0,5,0,2001,0,5733623,3,730583,0,5,0,0,3,3,0,0,8222118,17084265,0,0,0,0,"{""changedSettlements"":0,""grossAmount"":1000000,""lines"":1000,""settlements"":1}"
20261005T122534Z-e84e1210,5c664962cb50b5cade50a40aa7ebcfd2834b7af9,standard,2g,settlement-1x1000,initialize,1,PASSED,280815115,170145712,184825776,184825776,13458520,30,0,0,53,21,3022,0,151356744,4,1317294,0,34,1,1,4,4,0,0,239225710,274659977,1,238666672,238666672,559038,"{""changedSettlements"":1,""grossAmount"":1000000,""lines"":1000,""settlements"":1}"
20261005T122534Z-e84e1210,5c664962cb50b5cade50a40aa7ebcfd2834b7af9,standard,2g,settlement-1x1000,replay,1,PASSED,18846141,184825776,186922928,186922928,1491120,3,0,0,5,0,2001,0,4223488,3,778997,0,5,0,0,3,3,0,0,7308622,15550353,0,0,0,0,"{""changedSettlements"":0,""grossAmount"":1000000,""lines"":1000,""settlements"":1}"
20261005T122534Z-e84e1210,5c664962cb50b5cade50a40aa7ebcfd2834b7af9,standard,2g,settlement-1x1000,initialize,2,PASSED,273692252,186922928,201602992,201602992,13263984,29,0,0,53,21,3022,0,161120078,4,1329982,0,34,1,1,4,4,0,0,239821996,268296367,1,239158952,239158952,663044,"{""changedSettlements"":1,""grossAmount"":1000000,""lines"":1000,""settlements"":1}"
20261005T122534Z-e84e1210,5c664962cb50b5cade50a40aa7ebcfd2834b7af9,standard,2g,settlement-1x1000,replay,2,PASSED,17633896,201602992,203700144,203700144,1491120,3,0,0,5,0,2001,0,4174791,3,738423,0,5,0,0,3,3,0,0,6859646,14563919,0,0,0,0,"{""changedSettlements"":0,""grossAmount"":1000000,""lines"":1000,""settlements"":1}"
20261005T122534Z-e84e1210,5c664962cb50b5cade50a40aa7ebcfd2834b7af9,standard,2g,settlement-1x10000,initialize,0,PASSED,1745820203,337917872,230597432,370423728,111963256,176,1,15,467,201,30202,0,1360320617,22,7170536,0,268,1,1,22,22,0,0,1585913525,1723810078,1,1585403975,1585403975,509550,"{""changedSettlements"":1,""grossAmount"":10000000,""lines"":10000,""settlements"":1}"
20261005T122534Z-e84e1210,5c664962cb50b5cade50a40aa7ebcfd2834b7af9,standard,2g,settlement-1x10000,replay,0,PASSED,136081808,230597432,246326072,246326072,14711664,15,0,0,41,0,20001,0,70553603,21,6973741,0,41,0,0,21,21,0,0,7903914,121898261,0,0,0,0,"{""changedSettlements"":0,""grossAmount"":10000000,""lines"":10000,""settlements"":1}"
20261005T122534Z-e84e1210,5c664962cb50b5cade50a40aa7ebcfd2834b7af9,standard,2g,settlement-1x10000,initialize,1,PASSED,1676505332,246326072,358523704,358523704,111844400,169,0,0,467,201,30202,0,1338019260,22,19736683,0,268,1,1,22,22,0,0,1551284635,1656730289,1,1550875039,1550875039,409596,"{""changedSettlements"":1,""grossAmount"":10000000,""lines"":10000,""settlements"":1}"
20261005T122534Z-e84e1210,5c664962cb50b5cade50a40aa7ebcfd2834b7af9,standard,2g,settlement-1x10000,replay,1,PASSED,97631319,358523704,374252344,374252344,14726280,11,0,0,41,0,20001,0,37242555,21,6418896,0,41,0,0,21,21,0,0,4674197,84623693,0,0,0,0,"{""changedSettlements"":0,""grossAmount"":10000000,""lines"":10000,""settlements"":1}"
20261005T122534Z-e84e1210,5c664962cb50b5cade50a40aa7ebcfd2834b7af9,standard,2g,settlement-1x10000,initialize,2,PASSED,1639126096,374252344,251399848,381592376,111746472,165,3,17,467,201,30202,0,1305417642,22,6116551,0,268,1,1,22,22,0,0,1495765851,1620959759,1,1495250460,1495250460,515391,"{""changedSettlements"":1,""grossAmount"":10000000,""lines"":10000,""settlements"":1}"
20261005T122534Z-e84e1210,5c664962cb50b5cade50a40aa7ebcfd2834b7af9,standard,2g,settlement-1x10000,replay,2,PASSED,146486630,251399848,267128488,267128488,14694768,16,0,0,41,0,20001,0,78756249,21,5944061,0,41,0,0,21,21,0,0,7682483,132286437,0,0,0,0,"{""changedSettlements"":0,""grossAmount"":10000000,""lines"":10000,""settlements"":1}"
20261005T122534Z-e84e1210,5c664962cb50b5cade50a40aa7ebcfd2834b7af9,standard,2g,settlement-50x20,initialize,0,PASSED,934692918,290197160,314314408,314314408,21829752,95,0,0,378,100,3072,0,621631009,53,14698183,0,378,50,50,53,53,0,0,22776225,881285598,50,22347491,835326353,18950679,"{""changedSettlements"":50,""grossAmount"":1000000,""lines"":1000,""settlements"":50}"
20261005T122534Z-e84e1210,5c664962cb50b5cade50a40aa7ebcfd2834b7af9,standard,2g,settlement-50x20,replay,0,PASSED,10571429,314314408,316411560,316411560,1489880,3,0,0,5,0,2001,0,5155230,3,809149,0,5,0,0,3,3,0,0,4534272,9343857,0,0,0,0,"{""changedSettlements"":0,""grossAmount"":1000000,""lines"":1000,""settlements"":50}"
20261005T122534Z-e84e1210,5c664962cb50b5cade50a40aa7ebcfd2834b7af9,standard,2g,settlement-50x20,initialize,1,PASSED,935649973,316411560,338431656,338431656,22104800,95,0,0,378,100,3072,0,650326819,53,16030827,0,378,50,50,53,53,0,0,23885154,889089559,50,23439717,841243354,19859169,"{""changedSettlements"":50,""grossAmount"":1000000,""lines"":1000,""settlements"":50}"
20261005T122534Z-e84e1210,5c664962cb50b5cade50a40aa7ebcfd2834b7af9,standard,2g,settlement-50x20,replay,1,PASSED,17910011,339480232,340528808,340528808,1489656,3,0,0,5,0,2001,0,8155071,3,1543960,0,5,0,0,3,3,0,0,7175889,15948843,0,0,0,0,"{""changedSettlements"":0,""grossAmount"":1000000,""lines"":1000,""settlements"":50}"
20261005T122534Z-e84e1210,5c664962cb50b5cade50a40aa7ebcfd2834b7af9,standard,2g,settlement-50x20,initialize,2,PASSED,915552705,341577384,363597480,363597480,21573288,93,0,0,378,100,3072,0,658751756,53,16594465,0,378,50,50,53,53,0,0,25885880,874780788,50,25444806,829546210,19442793,"{""changedSettlements"":50,""grossAmount"":1000000,""lines"":1000,""settlements"":50}"
20261005T122534Z-e84e1210,5c664962cb50b5cade50a40aa7ebcfd2834b7af9,standard,2g,settlement-50x20,replay,2,PASSED,9021795,363597480,365694632,365694632,1489656,2,0,0,5,0,2001,0,3679688,3,624876,0,5,0,0,3,3,0,0,3948538,7966656,0,0,0,0,"{""changedSettlements"":0,""grossAmount"":1000000,""lines"":1000,""settlements"":50}"
20261005T122534Z-e84e1210,5c664962cb50b5cade50a40aa7ebcfd2834b7af9,standard,2g,settlement-501x20,initialize,0,PASSED,16994019893,350659384,289433096,393651000,214532880,1701,1,10,3781,1002,30772,0,15175713614,523,162168258,0,3781,501,501,523,523,0,0,75960689,16716317677,501,75573304,16276718050,173847427,"{""changedSettlements"":501,""grossAmount"":10020000,""lines"":10020,""settlements"":501}"
20261005T122534Z-e84e1210,5c664962cb50b5cade50a40aa7ebcfd2834b7af9,standard,2g,settlement-501x20,replay,0,PASSED,76759614,290481672,305161736,305161736,14727728,9,0,0,43,0,20041,0,37115085,22,5668617,0,43,0,0,22,22,0,0,4501157,71199024,0,0,0,0,"{""changedSettlements"":0,""grossAmount"":10020000,""lines"":10020,""settlements"":501}"
20261005T122534Z-e84e1210,5c664962cb50b5cade50a40aa7ebcfd2834b7af9,standard,2g,settlement-501x20,initialize,1,PASSED,30141327267,306210312,274493392,363881992,213249144,3016,3,22,3782,1002,30773,0,28645597790,523,154233078,0,3782,501,501,523,523,0,0,95498595,29920807747,501,95194565,29472812119,174406958,"{""changedSettlements"":501,""grossAmount"":10020000,""lines"":10020,""settlements"":501}"
20261005T122534Z-e84e1210,5c664962cb50b5cade50a40aa7ebcfd2834b7af9,standard,2g,settlement-501x20,replay,1,PASSED,131701631,274493392,289173456,289173456,14716704,15,0,0,43,0,20041,0,64335786,22,9492957,0,43,0,0,22,22,0,0,7228776,124343790,0,0,0,0,"{""changedSettlements"":0,""grossAmount"":10020000,""lines"":10020,""settlements"":501}"
20261005T122534Z-e84e1210,5c664962cb50b5cade50a40aa7ebcfd2834b7af9,standard,2g,settlement-501x20,initialize,2,PASSED,24634564228,290222032,286496336,334262224,212966320,2465,1,9,3781,1002,30772,0,23275081358,523,149015110,0,3781,501,501,523,523,0,0,96161124,24444322138,501,95821099,23998431713,171141470,"{""changedSettlements"":501,""grossAmount"":10020000,""lines"":10020,""settlements"":501}"
20261005T122534Z-e84e1210,5c664962cb50b5cade50a40aa7ebcfd2834b7af9,standard,2g,settlement-501x20,replay,2,PASSED,73298827,286496336,301176400,301176400,14716032,9,0,0,43,0,20041,0,36342613,22,6392059,0,43,0,0,22,22,0,0,4165269,69685122,0,0,0,0,"{""changedSettlements"":0,""grossAmount"":10020000,""lines"":10020,""settlements"":501}"
20261005T122534Z-e84e1210,5c664962cb50b5cade50a40aa7ebcfd2834b7af9,standard,2g,ledger-500x1,reconcile,0,PASSED,79093770,169412320,183043808,183043808,12486344,9,0,0,19,0,1506,0,22996502,1,356860,0,19,1,0,1,1,0,0,77770636,77770636,0,0,0,0,"{""entries"":1000,""groups"":500,""issues"":0,""mutations"":501,""ready"":true,""stage"":""BASELINE_PREPARING"",""workCorrections"":0}"
20261005T122534Z-e84e1210,5c664962cb50b5cade50a40aa7ebcfd2834b7af9,standard,2g,ledger-500x1,reconcile,1,PASSED,80075684,221841120,235472608,235472608,12302592,10,0,0,19,0,1506,0,24617318,1,347971,0,19,1,0,1,1,0,0,79066566,79066566,0,0,0,0,"{""entries"":1000,""groups"":500,""issues"":0,""mutations"":501,""ready"":true,""stage"":""BASELINE_PREPARING"",""workCorrections"":0}"
20261005T122534Z-e84e1210,5c664962cb50b5cade50a40aa7ebcfd2834b7af9,standard,2g,ledger-500x1,reconcile,2,PASSED,65850330,274269920,288949984,288949984,12370640,8,0,0,19,0,1506,0,22808791,1,339503,0,19,1,0,1,1,0,0,64521534,64521534,0,0,0,0,"{""entries"":1000,""groups"":500,""issues"":0,""mutations"":501,""ready"":true,""stage"":""BASELINE_PREPARING"",""workCorrections"":0}"
20261005T122534Z-e84e1210,5c664962cb50b5cade50a40aa7ebcfd2834b7af9,standard,2g,ledger-5000x10,reconcile,0,PASSED,1677493821,166893104,163572056,330470960,490681720,169,3,13,37,0,60006,0,294810083,1,402328,0,37,1,0,1,1,0,0,1675395631,1675395631,0,0,0,0,"{""entries"":55000,""groups"":5000,""issues"":0,""mutations"":50001,""ready"":true,""stage"":""BASELINE_PREPARING"",""workCorrections"":0}"
20261005T122534Z-e84e1210,5c664962cb50b5cade50a40aa7ebcfd2834b7af9,standard,2g,ledger-5000x10,reconcile,1,PASSED,1742632221,257197944,240342256,377784184,490680712,176,4,14,37,0,60006,0,291552432,1,394599,0,37,1,0,1,1,0,0,1741280893,1741280893,0,0,0,0,"{""entries"":55000,""groups"":5000,""issues"":0,""mutations"":50001,""ready"":true,""stage"":""BASELINE_PREPARING"",""workCorrections"":0}"
20261005T122534Z-e84e1210,5c664962cb50b5cade50a40aa7ebcfd2834b7af9,standard,2g,ledger-5000x10,reconcile,2,PASSED,1603955007,368595264,154488752,378032448,490680600,162,5,21,37,0,60006,0,280291253,1,441119,0,37,1,0,1,1,0,0,1602483650,1602483650,0,0,0,0,"{""entries"":55000,""groups"":5000,""issues"":0,""mutations"":50001,""ready"":true,""stage"":""BASELINE_PREPARING"",""workCorrections"":0}"
20261005T122534Z-e84e1210,5c664962cb50b5cade50a40aa7ebcfd2834b7af9,standard,2g,ledger-1x50001,reconcile,0,PASSED,1342654032,311520488,299141648,317811944,407677064,136,4,7,18,0,50009,0,235893796,1,833245,0,18,1,0,1,1,0,0,1341071362,1341071362,0,0,0,0,"{""entries"":50002,""groups"":1,""issues"":0,""mutations"":50002,""ready"":true,""stage"":""BASELINE_PREPARING"",""workCorrections"":0}"
20261005T122534Z-e84e1210,5c664962cb50b5cade50a40aa7ebcfd2834b7af9,standard,2g,ledger-1x50001,reconcile,1,PASSED,1510660626,300190224,299409464,304512384,407677008,153,4,11,18,0,50009,0,246519024,1,854816,0,18,1,0,1,1,0,0,1509198081,1509198081,0,0,0,0,"{""entries"":50002,""groups"":1,""issues"":0,""mutations"":50002,""ready"":true,""stage"":""BASELINE_PREPARING"",""workCorrections"":0}"
20261005T122534Z-e84e1210,5c664962cb50b5cade50a40aa7ebcfd2834b7af9,standard,2g,ledger-1x50001,reconcile,2,PASSED,1430815279,300458040,102228944,302581304,407676752,145,3,8,18,0,50009,0,262284178,1,885704,0,18,1,0,1,1,0,0,1429454620,1429454620,0,0,0,0,"{""entries"":50002,""groups"":1,""issues"":0,""mutations"":50002,""ready"":true,""stage"":""BASELINE_PREPARING"",""workCorrections"":0}"
20261005T122534Z-e84e1210,5c664962cb50b5cade50a40aa7ebcfd2834b7af9,standard,2g,ledger-500x10-work,reconcile,0,PASSED,305693636,290972624,195858216,306701264,109687656,32,1,3,30,0,16506,0,64825362,1,521651,0,30,10001,0,1,1,0,0,302340858,302340858,0,0,0,0,"{""entries"":5500,""groups"":500,""issues"":0,""mutations"":5001,""ready"":true,""stage"":""BASELINE_PREPARING"",""workCorrections"":5000}"
20261005T122534Z-e84e1210,5c664962cb50b5cade50a40aa7ebcfd2834b7af9,standard,2g,ledger-500x10-work,reconcile,1,PASSED,239362758,233606952,112306208,302812968,109366976,25,2,9,30,0,16506,0,49266321,1,330347,0,30,10001,0,1,1,0,0,236861973,236861973,0,0,0,0,"{""entries"":5500,""groups"":500,""issues"":0,""mutations"":5001,""ready"":true,""stage"":""BASELINE_PREPARING"",""workCorrections"":5000}"
20261005T122534Z-e84e1210,5c664962cb50b5cade50a40aa7ebcfd2834b7af9,standard,2g,ledger-500x10-work,reconcile,2,PASSED,257759607,151103520,262252576,262252576,109317096,27,0,0,30,0,16506,0,63767493,1,327047,0,30,10001,0,1,1,0,0,254292595,254292595,0,0,0,0,"{""entries"":5500,""groups"":500,""issues"":0,""mutations"":5001,""ready"":true,""stage"":""BASELINE_PREPARING"",""workCorrections"":5000}"
20261005T122534Z-e84e1210,5c664962cb50b5cade50a40aa7ebcfd2834b7af9,standard,2g,ledger-5000x1-errors,reconcile,0,PASSED,244860106,162870648,291845496,291845496,124125232,26,0,0,37,0,15006,0,41118226,1,451253,0,37,1,0,1,1,0,0,243374563,243374563,0,0,0,0,"{""entries"":10000,""groups"":5000,""issues"":5000,""mutations"":5001,""ready"":false,""stage"":""BASELINE_PREPARING"",""workCorrections"":0}"
20261005T122534Z-e84e1210,5c664962cb50b5cade50a40aa7ebcfd2834b7af9,standard,2g,ledger-5000x1-errors,reconcile,1,PASSED,241071198,165029848,294004696,294004696,124124792,26,0,0,37,0,15006,0,37036952,1,348146,0,37,1,0,1,1,0,0,239833756,239833756,0,0,0,0,"{""entries"":10000,""groups"":5000,""issues"":5000,""mutations"":5001,""ready"":false,""stage"":""BASELINE_PREPARING"",""workCorrections"":0}"
20261005T122534Z-e84e1210,5c664962cb50b5cade50a40aa7ebcfd2834b7af9,standard,2g,ledger-5000x1-errors,reconcile,2,PASSED,237864999,169497072,298471920,298471920,124123416,25,0,0,37,0,15006,0,33803813,1,326485,0,37,1,0,1,1,0,0,236438677,236438677,0,0,0,0,"{""entries"":10000,""groups"":5000,""issues"":5000,""mutations"":5001,""ready"":false,""stage"":""BASELINE_PREPARING"",""workCorrections"":0}"
